threshold,coverage,accuracy,tickets
0.4926650220690869,1.0,0.9725369950673244,7501
0.5051941682879455,0.9980002666311159,0.9735506278386321,7486
0.5145932210729588,0.9960005332622317,0.9747021817695087,7471
0.5219771344299757,0.9940007998933476,0.9758583690987125,7456
0.5258068595525934,0.9920010665244634,0.9770192178470636,7441
0.5329197709269506,0.9900013331555793,0.9777807702666308,7426
0.5424032895272359,0.9880015997866951,0.979085143705303,7411
0.5486699823684555,0.986001866417811,0.9798539751216874,7396
0.555202698768351,0.9840021330489268,0.9806259314456036,7381
0.563297867221606,0.9820023996800427,0.981129513983166,7366
0.5694726075473359,0.9800026663111585,0.9817711875935247,7351
0.5755810333831944,0.9780029329422744,0.9821428571428571,7336
0.5813181950414771,0.9760031995733902,0.9831990165277967,7321
0.5886095927177569,0.9740034662045061,0.9835751437174924,7306
0.5943216629473214,0.9720037328356219,0.9840899739404746,7291
0.5992928801509587,0.9700039994667378,0.9847443650357339,7276
0.609775656700416,0.9680042660978536,0.9851260157003168,7261
0.6163683415741009,0.9660045327289695,0.985509246480817,7246
0.622691673272542,0.9640047993600853,0.9858940672106209,7231
0.6294831109846515,0.9620050659912012,0.9864190687361419,7216
0.6367374166149585,0.960005332622317,0.9870851270656853,7201
0.6454926587779619,0.9580055992534329,0.987893125521848,7186
0.6513358348210504,0.9560058658845487,0.9885650536884675,7171
0.6564879577453641,0.9541394480735902,0.9892413022216012,7157
0.6627163061315814,0.952139714704706,0.9894987398487819,7142
0.6677675746825475,0.9501399813358219,0.990037884102708,7127
0.6723387890303595,0.9481402479669377,0.9904386951631046,7112
0.6780643784745811,0.9461405145980536,0.9907002958996759,7097
0.6831209638580396,0.9441407812291694,0.9909630048009037,7082
0.6873462451749427,0.9421410478602853,0.9917928399603793,7067
0.6943002615422662,0.9401413144914011,0.9922007941009643,7052
0.7014192774169549,0.938141581122517,0.9923262754014495,7037
0.7052931503015709,0.9361418477536328,0.9925947023639988,7022
0.7110665704297878,0.9341421143847487,0.9925788497217068,7007
0.7151066479851145,0.9321423810158646,0.9932780320366132,6992
0.7208927598098324,0.9301426476469804,0.9932635803353878,6977
0.7254070810772321,0.9281429142780963,0.9938236139040506,6962
0.7329733792631943,0.9261431809092121,0.9940981718727508,6947
0.7381381199326524,0.924143447540328,0.9945181765724178,6932
0.7446385304676807,0.9221437141714438,0.9946508601995084,6917
0.7506078381758549,0.9201439808025597,0.9947841205447696,6902
0.7563885086107456,0.9181442474336755,0.9950631624800349,6887
0.7606284115389511,0.9161445140647914,0.9953434225844005,6872
0.7655940662209741,0.9141447806959072,0.9956249088522677,6857
0.7713553725270296,0.9121450473270231,0.9957614732534347,6842
0.7774717978339721,0.9102786295160645,0.9960456942003515,6828
0.7817686831002313,0.9082788961471804,0.9963305445471892,6813
0.7859072058870459,0.9062791627782962,0.9964695498676082,6798
0.7906340104006035,0.9042794294094121,0.9967565973757925,6783
0.7974350996709244,0.9022796960405279,0.9970449172576832,6768
0.8015268446022646,0.9002799626716438,0.997186435658226,6753
0.8056452150535238,0.8982802293027596,0.9971801721579103,6738
0.8088496961162616,0.8962804959338755,0.9971738807080173,6723
0.8120706096188609,0.8942807625649913,0.9973166368515206,6708
0.8170827743274488,0.8922810291961072,0.9974600328701628,6693
0.8210736444189343,0.890281295827223,0.9974543276430069,6678
0.8263525099371564,0.8882815624583389,0.9974485967282005,6663
0.8331316113736777,0.8862818290894547,0.9974428399518652,6648
0.8376859669069865,0.8842820957205706,0.9975878184833409,6633
0.8410694858740095,0.8822823623516864,0.9977334542157752,6618
0.846682602119813,0.8802826289828023,0.9978797516280479,6603
0.8498222642459465,0.8782828956139181,0.9978749241044323,6588
0.8554770809827922,0.876283162245034,0.9981743496120493,6573
0.8597738218618828,0.8742834288761498,0.998322659347362,6558
0.8627508573344321,0.8722836955072657,0.9983188139996944,6543
0.8671773071054258,0.8702839621383816,0.9984681372549019,6528
0.8697252052597788,0.8682842287694974,0.9984646092430524,6513
0.873289182020132,0.8664178109585389,0.998461301738729,6499
0.8771087876636521,0.8644180775896547,0.9986119679210363,6484
0.8804411197197612,0.8624183442207706,0.9987633328180553,6469
0.8841964908517244,0.8604186108518864,0.9989154013015185,6454
0.8860673056048404,0.8584188774830023,0.9989128746699798,6439
0.8882441746898251,0.8564191441141181,0.99906600249066,6424
0.8923431504131523,0.854419410745234,0.9990638165080356,6409
0.8944811064486231,0.8524196773763498,0.9990616202690021,6394
0.897729491855314,0.8504199440074657,0.9990594137012071,6379
0.8998981677031322,0.8484202106385815,0.9992143306096795,6364
0.9024204485627242,0.8464204772696974,0.9992124744054182,6349
0.9043715989103207,0.8444207439008132,0.9992106094095359,6334
0.907107348748799,0.8424210105319291,0.9992087355594239,6319
0.9089156818747958,0.8404212771630449,0.9992068527918782,6304
0.9106899616891314,0.8384215437941608,0.9992049610430911,6289
0.911808804978728,0.8364218104252766,0.9992030602486452,6274
0.9136890953859875,0.8344220770563925,0.9992011503435053,6259
0.9154974766483834,0.8324223436875083,0.9993593850096092,6244
0.9176506761211239,0.8304226103186242,0.999357842350297,6229
0.9196586348297767,0.82842287694974,0.9993562922433216,6214
0.9218429693742006,0.8264231435808559,0.9993547346346184,6199
0.92383846591279,0.8244234102119717,0.999353169469599,6184
0.925908955370273,0.8225569924010132,0.9993517017828201,6170
0.9276073399227943,0.8205572590321291,0.9993501218521528,6155
0.9292486493090669,0.8185575256632449,0.9993485342019544,6140
0.9309810062200032,0.8165577922943608,0.9993469387755102,6125
0.9324353729025908,0.8145580589254766,0.9995090016366612,6110
0.9342693949397766,0.8125583255565925,0.9995077932731747,6095
0.9366637706168446,0.8105585921877083,0.9995065789473684,6080
0.9386417219506847,0.8085588588188242,0.9995053586150041,6065
0.9399160434164064,0.80655912544994,0.999504132231405,6050
0.9415987457061818,0.8045593920810559,0.9995028997514499,6035
0.9429299472140522,0.8025596587121717,0.9995016611295681,6020
0.9439687804549206,0.8005599253432876,0.9995004163197335,6005
0.9453389827737836,0.7985601919744034,0.9994991652754591,5990
0.9465091159406313,0.7965604586055193,0.9994979079497908,5975
0.9476289732408794,0.7945607252366351,0.999496644295302,5960
0.9486576251551909,0.792560991867751,0.9994953742640875,5945
0.950284618519861,0.7905612584988668,0.9994940978077572,5930
0.951473305642181,0.7885615251299827,0.9994928148774302,5915
0.9525610803306755,0.7865617917610985,0.9994915254237288,5900
0.9534050095139833,0.7845620583922144,0.9994902293967715,5885
0.9542680980922817,0.7825623250233302,0.9996592844974447,5870
0.9549098080597499,0.7805625916544461,0.9996584116140051,5855
0.9556931841750704,0.7786961738434875,0.9996575928779319,5841
0.9565784467564464,0.7766964404746034,0.9996567112941984,5826
0.9578593720005436,0.7746967071057193,0.9996558251591808,5811
0.9591562475452149,0.7726969737368351,0.9996549344375432,5796
0.9597002195069957,0.770697240367951,0.9996540390935824,5781
0.960627166197118,0.7686975069990668,0.9996531390912244,5766
0.961620679714806,0.7666977736301827,0.9996522343940184,5751
0.9625983874519978,0.7646980402612985,0.9996513249651325,5736
0.9637964943839052,0.7626983068924144,0.9996504107673484,5721
0.9647962656000766,0.7606985735235302,0.9996494917630564,5706
0.9655153920317208,0.7586988401546461,0.9996485679142506,5691
0.9662504915009636,0.7566991067857619,0.9996476391825229,5676
0.9672100091593908,0.7546993734168778,0.9996467055290584,5661
0.9683505778555613,0.7526996400479936,0.9996457669146298,5646
0.968978870501438,0.7506999066791095,0.9996448232995916,5631
0.9695968437955477,0.7487001733102253,0.9996438746438746,5616
0.9702320002853506,0.7467004399413412,0.9996429209069809,5601
0.9709007728627447,0.744700706572457,0.9996419620479771,5586
0.9714794237403798,0.7427009732035729,0.9996409980254891,5571
0.9723786249252394,0.7407012398346887,0.9996400287976962,5556
0.9729860807077292,0.7387015064658046,0.9996390543223245,5541
0.973623015152757,0.7367017730969204,0.9996380745566413,5526
0.9741017982980446,0.7347020397280363,0.9996370894574488,5511
0.9745287394054136,0.7328356219170777,0.9996361651810078,5497
0.9751366598096466,0.7308358885481936,0.9996351696461145,5482
0.9760837618728615,0.7288361551793094,0.9996341686482532,5467
0.9765307248724439,0.7268364218104253,0.9996331621423331,5452
0.9768046939616609,0.7248366884415411,0.9996321500827662,5437
0.9774057824964666,0.722836955072657,0.99963113242346,5422
0.9779926921062758,0.7208372217037728,0.9996301091178103,5407
0.9785493668410474,0.7188374883348887,0.9996290801186943,5392
0.97909099630324,0.7168377549660045,0.9996280453784638,5377
0.9798191409397488,0.7148380215971204,0.999627004848937,5362
0.9802751933816203,0.7128382882282362,0.9996259584813915,5347
0.9809635499325531,0.7108385548593521,0.9996249062265566,5332
0.981158366903933,0.708838821490468,0.999623848034606,5317
0.9817565135001801,0.7068390881215838,0.999622783855149,5302
0.9822494251332043,0.7048393547526997,0.9996217136372234,5287
0.9824376135510239,0.7028396213838155,0.9996206373292867,5272
0.9828283854213811,0.7008398880149314,0.9996195548792087,5257
0.9832434948704322,0.6988401546460472,0.9996184662342618,5242
0.9835118867236402,0.6968404212771631,0.9996173713411135,5227
0.9839345223231982,0.6948406879082789,0.9996162701458173,5212
0.984197263857392,0.6928409545393948,0.9996151625938041,5197
0.984592070539412,0.6908412211705106,0.9996140486298727,5182
0.9849535997047318,0.6889748033595521,0.9996130030959752,5168
0.9851260428544705,0.6869750699906679,0.9998059382883757,5153
0.9855402004838975,0.6849753366217838,0.9998053717399766,5138
0.9858555192563504,0.6829756032528996,0.999804801873902,5123
0.9862201554931225,0.6809758698840155,0.999804228660924,5108
0.9866825004822585,0.6789761365151313,0.9998036520714706,5093
0.9869341570674877,0.6769764031462472,0.9998030720756204,5078
0.9873616770303408,0.674976669777363,0.999802488643097,5063
0.9876968585937634,0.6729769364084789,0.9998019017432647,5048
0.9879237720513125,0.6709772030395947,0.9998013113451222,5033
0.9883287017417848,0.6689774696707106,0.9998007174172977,5018
0.9886035482246416,0.6669777363018264,0.9998001199280432,5003
0.9888833490945486,0.6649780029329423,0.9997995188452286,4988
0.9892161584999443,0.6629782695640581,0.9997989141363363,4973
0.989451993934884,0.660978536195174,0.9997983057684551,4958
0.9895998256799613,0.6589788028262898,0.9997976937082743,4943
0.9898722240168084,0.6569790694574057,0.999797077922078,4928
0.9901224686950865,0.6549793360885215,0.9997964583757378,4913
0.9903161354202306,0.6529796027196374,0.999795835034708,4898
0.9904686009248264,0.6509798693507532,0.999795207864018,4883
0.990678582324417,0.6489801359818691,0.9997945768282662,4868
0.9908406283769139,0.646980402612985,0.9997939418916134,4853
0.9910713510320825,0.6451139848020264,0.9997933457325894,4839
0.9912729987423156,0.6431142514331423,0.9997927031509121,4824
0.9913846757868559,0.6411145180642581,0.9997920565606155,4809
0.9915425091516352,0.639114784695374,0.9997914059240718,4794
0.9917420563334239,0.6371150513264898,0.9997907512031806,4779
0.9919203129979248,0.6351153179576057,0.9997900923593619,4764
0.9920647126145778,0.6331155845887215,0.9997894293535481,4749
0.9921915952318561,0.6311158512198374,0.9997887621461766,4734
0.9923724690459322,0.6291161178509532,0.9997880906971816,4719
0.992525919126587,0.6271163844820691,0.9997874149659864,4704
0.9926223313494026,0.6251166511131849,0.999786734911495,4689
0.9927482092803186,0.6231169177443008,0.9997860504920839,4674
0.9928521522403967,0.6211171843754166,0.9997853616655935,4659
0.9929794248378601,0.6191174510065325,0.9997846683893196,4644
0.9931267215958369,0.6171177176376483,0.9997839706200043,4629
0.9932970581147417,0.6151179842687642,0.9997832683138275,4614
0.9934455304759378,0.61311825089988,0.999782561426397,4599
0.9936086469333042,0.6111185175309959,0.99978184991274,4584
0.993773333528295,0.6091187841621117,0.9997811337272926,4569
0.9938828073108258,0.6071190507932276,0.9997804128238911,4554
0.9940297719245497,0.6051193174243434,0.9997796871557612,4539
0.9941344892112737,0.6031195840554593,0.9997789566755084,4524
0.9943002648206233,0.6012531662445008,0.9997782705099778,4510
0.9944535105384535,0.5992534328756166,0.9997775305895439,4495
0.9945647082324891,0.5972536995067325,0.9997767857142857,4480
0.9946495161485023,0.5952539661378483,0.9997760358342666,4465
0.9947518097982269,0.5932542327689642,0.9997752808988764,4450
0.994804711546925,0.59125449940008,0.9997745208568207,4435
0.9949001804370016,0.5892547660311959,0.9997737556561086,4420
0.9949973858735073,0.5872550326623117,0.9997729852440409,4405
0.9951135955318265,0.5852552992934276,0.9997722095671981,4390
0.9952147650942422,0.5832555659245434,0.9997714285714285,4375
0.995302854436506,0.5812558325556593,0.9997706422018349,4360
0.9954406350490904,0.5792560991867751,0.9997698504027618,4345
0.9955181996002495,0.577256365817891,0.9997690531177829,4330
0.9956270426023819,0.5752566324490068,0.9997682502896872,4315
0.9957218479599582,0.5732568990801227,0.9997674418604651,4300
0.9957834798469141,0.5712571657112385,0.9997666277712952,4285
0.9958667579695634,0.5692574323423544,0.9997658079625292,4270
0.9959517668087507,0.5672576989734702,0.9997649823736781,4255
0.996016546495698,0.5652579656045861,0.9997641509433962,4240
0.9961015348041139,0.5632582322357019,0.9997633136094675,4225
0.9961860260356412,0.5612584988668178,0.9997624703087886,4210
0.9962723987192087,0.5592587654979336,0.999761620977354,4195
0.9963359129535886,0.5573923476869751,0.9997608227696724,4181
0.9963707154584984,0.555392614318091,0.999759961593855,4166
0.9964228677854575,0.5533928809492068,0.9997590941941701,4151
0.9964941283821275,0.5513931475803227,0.9997582205029013,4136
0.9966010599762307,0.5493934142114385,0.9997573404513468,4121
0.9966679362485195,0.5473936808425544,0.9997564539698003,4106
0.996726817392575,0.5453939474736702,0.9997555609875336,4091
0.9967768835706118,0.543394214104786,0.9997546614327772,4076
0.9968794306150032,0.5413944807359019,0.9997537552327013,4061
0.9969616369073967,0.5393947473670178,0.9997528423133959,4046
0.997002176710283,0.5373950139981336,0.9997519225998511,4031
0.9970495528600251,0.5353952806292495,0.9997509960159362,4016
0.997117300127292,0.5333955472603653,0.9997500624843789,4001
0.997176117366108,0.5313958138914812,0.9997491219267436,3986
0.9972143711408074,0.529396080522597,0.9997481742634097,3971
0.9972960539443095,0.5273963471537129,0.999747219413549,3956
0.9973370187322181,0.5253966137848287,0.9997462572951028,3941
0.9974009923329704,0.5233968804159446,0.999745287824758,3926
0.9974520466838084,0.5213971470470604,0.9997443109179238,3911
0.997520870480621,0.5193974136781763,0.9997433264887063,3896
0.9975572211417801,0.5173976803092921,0.999742334449884,3881
0.997602547826771,0.515397946940408,0.9997413347128815,3866
0.99764690118749,0.5135315291294494,0.9997403946002077,3852
0.9976788959352247,0.5115317957605653,0.9997393797237425,3837
0.997706925211268,0.5095320623916811,0.999738356881214,3822
0.9977650416506573,0.507532329022797,0.9997373259784608,3807
0.9978085493775095,0.5055325956539128,0.9997362869198312,3792
0.9978408015517441,0.5035328622850287,0.9997352396081546,3777
0.9978732628129554,0.5015331289161445,0.9997341839447103,3762
0.997917489966376,0.49953339554726034,0.9997331198291967,3747
0.9979578496059416,0.4975336621783762,0.9997320471596999,3732
0.9980059014980616,0.49553392880949204,0.9997309658326607,3717
0.9980529954878304,0.4935341954406079,0.9997298757428417,3702
0.9981011487723275,0.49153446207172374,0.9997287767832926,3687
0.998131531569249,0.4895347287028396,0.9997276688453159,3672
0.9981575897092139,0.48753499533395545,0.9997265518184304,3657
0.9981997641657554,0.4855352619650713,0.999725425590335,3642
0.9982314041045551,0.48353552859618715,0.9997242900468707,3627
0.9982626062799121,0.48153579522730305,0.9997231450719822,3612
0.998293774723408,0.4795360618584189,0.9997219905476786,3597
0.9983208638991997,0.47753632848953476,0.9997208263539922,3582
0.9983478120149498,0.4755365951206506,0.9997196523689375,3567
0.9983755320452536,0.47353686175176646,0.9997184684684685,3552
0.9984046188177242,0.4715371283828823,0.9997172745264349,3537
0.9984280171998388,0.46953739501399816,0.9997160704145373,3522
0.9984482804709383,0.4676709772030396,0.999714937286203,3508
0.9984821631385848,0.4656712438341554,0.9997137131405669,3493
0.9985108790350665,0.4636715104652713,0.9997124784358827,3478
0.998552789192962,0.4616717770963871,0.9997112330349408,3463
0.9985949597875293,0.459672043727503,1.0,3448
0.9986263991603218,0.45767231035861883,1.0,3433
0.9986472140104852,0.4556725769897347,1.0,3418
0.998674602807583,0.45367284362085053,1.0,3403
0.9987005763343793,0.4516731102519664,1.0,3388
0.998727198250405,0.44967337688308223,1.0,3373
0.9987551283855939,0.4476736435141981,1.0,3358
0.9987822101673042,0.44567391014531393,1.0,3343
0.9988040559036493,0.4436741767764298,1.0,3328
0.998821511617999,0.44167444340754564,1.0,3313
0.9988370789150595,0.4396747100386615,1.0,3298
0.9988660200055097,0.43767497666977734,1.0,3283
0.9988896887001184,0.4356752433008932,1.0,3268
0.9989143632895975,0.43367550993200904,1.0,3253
0.9989382901567508,0.4316757765631249,1.0,3238
0.9989624446883388,0.42967604319424074,1.0,3223
0.9989804730916088,0.4276763098253566,1.0,3208
0.9989990914301472,0.42567657645647244,1.0,3193
0.9990304225134095,0.4238101586455139,1.0,3179
0.9990519876875986,0.42181042527662976,1.0,3164
0.9990697129700463,0.4198106919077456,1.0,3149
0.9990964699208826,0.41781095853886147,1.0,3134
0.9991204702987458,0.4158112251699773,1.0,3119
0.9991338630104744,0.41381149180109317,1.0,3104
0.9991543749466453,0.411811758432209,1.0,3089
0.9991714525112609,0.40981202506332487,1.0,3074
0.9991957581319604,0.4078122916944407,1.0,3059
0.9992085402688817,0.40581255832555657,1.0,3044
0.9992294554217754,0.4038128249566724,1.0,3029
0.9992507907359321,0.4018130915877883,1.0,3014
0.9992754475013522,0.3998133582189041,1.0,2999
0.9992903361399802,0.39781362485002,1.0,2984
0.9993089082618706,0.3958138914811358,1.0,2969
0.9993361316268411,0.3938141581122517,1.0,2954
0.9993530536002754,0.39181442474336753,1.0,2939
0.9993722415918661,0.3898146913744834,1.0,2924
0.9993974334786822,0.38781495800559923,1.0,2909
0.9994128626562118,0.3858152246367151,1.0,2894
0.9994291407749268,0.38381549126783093,1.0,2879
0.9994622248903988,0.3818157578989468,1.0,2864
0.9994720529351641,0.37994934008798825,1.0,2850
0.9994848733791356,0.3779496067191041,1.0,2835
0.9995010003371332,0.37594987335021995,1.0,2820
0.9995172507710519,0.3739501399813358,1.0,2805
0.9995339767674339,0.37195040661245166,1.0,2790
0.9995522280529521,0.3699506732435675,1.0,2775
0.9995644786268513,0.36795093987468336,1.0,2760
0.9995753829923125,0.3659512065057992,1.0,2745
0.9995960998467519,0.36395147313691506,1.0,2730
0.9996063631016392,0.3619517397680309,1.0,2715
0.9996194360854354,0.35995200639914676,1.0,2700
0.9996342772876806,0.3579522730302626,1.0,2685
0.9996419886605964,0.35595253966137846,1.0,2670
0.9996566246621029,0.3539528062924943,1.0,2655
0.9996656731623612,0.35195307292361017,1.0,2640
0.9996758202492373,0.349953339554726,1.0,2625
0.9996912516374202,0.34795360618584187,1.0,2610
0.9997056825431895,0.3459538728169577,1.0,2595
0.9997190067139424,0.34395413944807357,1.0,2580
0.9997307180727066,0.3419544060791894,1.0,2565
0.9997417412217394,0.3399546727103053,1.0,2550
0.9997516138251531,0.3379549393414211,1.0,2535
0.9997596759873593,0.3360885215304626,1.0,2521
0.9997791818249608,0.33408878816157844,1.0,2506
0.9997874062440835,0.3320890547926943,1.0,2491
0.9997935969131322,0.33008932142381014,1.0,2476
0.9998045386136842,0.328089588054926,1.0,2461
0.999812578052409,0.32608985468604185,1.0,2446
0.9998229734237974,0.3240901213171577,1.0,2431
0.999831384195373,0.32209038794827355,1.0,2416
0.9998379402457184,0.3200906545793894,1.0,2401
0.9998432829698998,0.31809092121050525,1.0,2386
0.999849766330991,0.3160911878416211,1.0,2371
0.9998577664295557,0.31409145447273695,1.0,2356
0.9998641806160614,0.3120917211038528,1.0,2341
0.9998723366103306,0.31009198773496865,1.0,2326
0.9998766964329883,0.3080922543660845,1.0,2311
0.9998823149257433,0.30609252099720036,1.0,2296
0.9998895683152805,0.3040927876283162,1.0,2281
0.9998949791504896,0.30209305425943206,1.0,2266
0.9998983248957048,0.3000933208905479,1.0,2251
0.9999040248786865,0.29809358752166376,1.0,2236
0.9999067293583536,0.2960938541527796,1.0,2221
0.9999116487448102,0.29409412078389546,1.0,2206
0.9999159874343906,0.29222770297293693,1.0,2192
0.9999192204861966,0.2902279696040528,1.0,2177
0.9999223496605053,0.28822823623516863,1.0,2162
0.9999264621498738,0.2862285028662845,1.0,2147
0.9999303284329257,0.28422876949740034,1.0,2132
0.9999336448605284,0.2822290361285162,1.0,2117
0.9999381132235552,0.28022930275963204,1.0,2102
0.9999419382327697,0.2782295693907479,1.0,2087
0.9999447737894557,0.27622983602186374,1.0,2072
0.9999483027478734,0.2742301026529796,1.0,2057
0.9999518163289257,0.27223036928409544,1.0,2042
0.999953591429531,0.2702306359152113,1.0,2027
0.9999550566672261,0.26823090254632714,1.0,2012
0.9999582637032618,0.266231169177443,1.0,1997
0.9999605321395609,0.26423143580855885,1.0,1982
0.9999621687516053,0.2622317024396747,1.0,1967
0.9999640079347484,0.26023196907079055,1.0,1952
0.9999654754770178,0.2582322357019064,1.0,1937
0.999966867490649,0.25623250233302225,1.0,1922
0.9999682220687168,0.2542327689641381,1.0,1907
0.9999695410083583,0.25223303559525395,1.0,1892
0.9999709568763039,0.2502333022263698,1.0,1877
0.9999726960637861,0.24823356885748568,1.0,1862
0.9999737211521388,0.24636715104652712,1.0,1848
0.9999750871445873,0.24436741767764297,1.0,1833
0.9999768066591342,0.24236768430875882,1.0,1818
0.999978143760577,0.24036795093987467,1.0,1803
0.9999791306150637,0.23836821757099053,1.0,1788
0.9999801981884655,0.23636848420210638,1.0,1773
0.9999808959741968,0.23436875083322223,1.0,1758
0.9999816806063965,0.23236901746433808,1.0,1743
0.999982684813101,0.23036928409545393,1.0,1728
0.9999832490866648,0.22836955072656978,1.0,1713
0.999983791968093,0.22636981735768563,1.0,1698
0.9999845511247963,0.22437008398880148,1.0,1683
0.9999850679814348,0.22237035061991733,1.0,1668
0.9999858533949361,0.22037061725103319,1.0,1653
0.999986342427667,0.21837088388214904,1.0,1638
0.9999870842556052,0.2163711505132649,1.0,1623
0.9999878431458361,0.21437141714438074,1.0,1608
0.9999886914173595,0.2123716837754966,1.0,1593
0.9999891046742913,0.21037195040661244,1.0,1578
0.9999897062508484,0.2083722170377283,1.0,1563
0.9999902790964096,0.20637248366884414,1.0,1548
0.9999905114473351,0.20437275029996,1.0,1533
0.9999909139864332,0.20250633248900146,1.0,1519
0.99999131468639,0.2005065991201173,1.0,1504
0.999991774504395,0.19850686575123316,1.0,1489
0.9999922464092033,0.19650713238234901,1.0,1474
0.9999925055509838,0.19450739901346487,1.0,1459
0.9999930099285278,0.19250766564458072,1.0,1444
0.9999933230609553,0.19050793227569657,1.0,1429
0.9999937500944966,0.18850819890681242,1.0,1414
0.9999941852938263,0.18650846553792827,1.0,1399
0.9999945152197744,0.18450873216904412,1.0,1384
0.9999947680342918,0.18250899880015997,1.0,1369
0.9999950667035861,0.18050926543127582,1.0,1354
0.9999952528201057,0.17850953206239167,1.0,1339
0.9999954500103362,0.17650979869350752,1.0,1324
0.9999956718448656,0.17451006532462338,1.0,1309
0.9999959283644697,0.17251033195573923,1.0,1294
0.9999961186399144,0.17051059858685508,1.0,1279
0.9999963427679056,0.16851086521797093,1.0,1264
0.9999965525126125,0.16651113184908678,1.0,1249
0.9999967245955717,0.16451139848020263,1.0,1234
0.9999969719779757,0.16251166511131848,1.0,1219
0.9999971038375061,0.16051193174243433,1.0,1204
0.9999972848998644,0.1586455139314758,1.0,1190
0.9999974182620993,0.15664578056259165,1.0,1175
0.9999976049461494,0.1546460471937075,1.0,1160
0.9999976937650039,0.15264631382482335,1.0,1145
0.9999977961429931,0.1506465804559392,1.0,1130
0.9999980043111596,0.14864684708705506,1.0,1115
0.9999981377616117,0.1466471137181709,1.0,1100
0.9999982716973572,0.14464738034928676,1.0,1085
0.9999983471532926,0.1426476469804026,1.0,1070
0.9999984564457914,0.14064791361151846,1.0,1055
0.9999985352744961,0.1386481802426343,1.0,1040
0.9999986031066651,0.13664844687375016,1.0,1025
0.9999986935428712,0.134648713504866,1.0,1010
0.9999988086423762,0.13264898013598186,1.0,995
0.9999988931612931,0.13064924676709772,1.0,980
0.9999989367539588,0.12864951339821357,1.0,965
0.999999007572752,0.12664978002932942,1.0,950
0.9999991174513613,0.12465004666044527,1.0,935
0.9999991906753365,0.12265031329156112,1.0,920
0.9999992518205597,0.12065057992267697,1.0,905
0.99999929063518,0.11865084655379282,1.0,890
0.9999993242154697,0.11665111318490867,1.0,875
0.9999993773577124,0.11478469537395014,1.0,861
0.9999994172295471,0.11278496200506599,1.0,846
0.9999994606290296,0.11078522863618184,1.0,831
0.9999995006846915,0.1087854952672977,1.0,816
0.9999995570397866,0.10678576189841354,1.0,801
0.999999595375129,0.1047860285295294,1.0,786
0.9999996219300152,0.10278629516064525,1.0,771
0.9999996436390861,0.1007865617917611,1.0,756
