threshold,automatic_accuracy,coverage,automatic_tickets
0.00013448393118703494,0.7237862097103224,1.0,2451
0.005535895172673629,0.7255223269151987,0.9959200326397388,2441
0.011075817361642586,0.7272727272727273,0.9918400652794778,2431
0.01498641464034256,0.7290375877736472,0.9877600979192166,2421
0.023064897958367032,0.7300995024875622,0.9840881272949816,2412
0.028712039520518172,0.731473771856786,0.9800081599347206,2402
0.03510684350813989,0.7332775919732442,0.9759281925744594,2392
0.04070931598796862,0.7334172963895886,0.9718482252141983,2382
0.049735414577908636,0.7353560893383903,0.9681762545899633,2373
0.05515695003872434,0.7363520947947524,0.9640962872297022,2363
0.0603382520819906,0.7369315767105822,0.960016319869441,2353
0.06551472334656744,0.7383696116090482,0.95593635250918,2343
0.06997767908658796,0.7403598971722365,0.9522643818849449,2334
0.07573058800439066,0.7426850258175559,0.9481844145246838,2324
0.08525524037091957,0.7433016421780466,0.9441044471644227,2314
0.08901608167066269,0.7430555555555556,0.9400244798041616,2304
0.09460276410808523,0.7442265795206972,0.9363525091799265,2295
0.09812157099555861,0.7448577680525165,0.9322725418196655,2285
0.10097052352664164,0.7441758241758242,0.9281925744594043,2275
0.10560464195050552,0.7439293598233996,0.9241126070991432,2265
0.11081553753262327,0.7451241134751773,0.9204406364749081,2256
0.11648648201257708,0.7462154942119323,0.9163606691146471,2246
0.12275859148146544,0.7459749552772809,0.9122807017543859,2236
0.1267576754775074,0.7466307277628033,0.9082007343941249,2226
0.13260579825403054,0.7478574650428507,0.9045287637698899,2217
0.13738527831964653,0.7494336202990485,0.9004487964096287,2207
0.14302055126930704,0.7496586253982703,0.8963688290493677,2197
0.15106082635749526,0.751257430269776,0.8922888616891065,2187
0.15741259658407308,0.7520661157024794,0.8886168910648715,2178
0.16387172178346512,0.753690036900369,0.8845369237046103,2168
0.16852484166393852,0.7553290083410565,0.8804569563443493,2158
0.1764446387683558,0.7561656584457888,0.8767849857201142,2149
0.18194716756972615,0.7564282374941561,0.8727050183598531,2139
0.18703993588043863,0.7576326914044152,0.868625050999592,2129
0.1907414298600542,0.758376592732421,0.8645450836393309,2119
0.19729901426291077,0.7582938388625592,0.8608731130150958,2110
0.20083905945704328,0.7595238095238095,0.8567931456548348,2100
0.2061518839354023,0.761244019138756,0.8527131782945736,2090
0.21174697787371635,0.7634615384615384,0.8486332109343125,2080
0.2156922009115052,0.7643650410429744,0.8449612403100775,2071
0.2210029005853113,0.7651625424551188,0.8408812729498164,2061
0.22972282258971183,0.7664553876157971,0.8368013055895552,2051
0.23643144340297537,0.7677609015188633,0.8327213382292942,2041
0.2412150651478527,0.7687007874015748,0.8290493676050592,2032
0.24687284423140984,0.7705242334322453,0.824969400244798,2022
0.2515460608630018,0.7703777335984096,0.820889432884537,2012
0.25607121562132973,0.7717282717282717,0.8168094655242758,2002
0.2623559971034003,0.7722027094831911,0.8131374949000408,1993
0.2672159481998806,0.7740796772566818,0.8090575275397797,1983
0.27358334316600613,0.7754688291941206,0.8049775601795186,1973
0.2772966057073666,0.7758532857870606,0.8008975928192574,1963
0.28499732945535267,0.7778915046059366,0.7972256221950225,1954
0.2919692354624645,0.7788065843621399,0.7931456548347613,1944
0.2974699960209322,0.7807652533609101,0.7890656874745002,1934
0.30346493350393455,0.7817047817047817,0.7849857201142391,1924
0.3110194352121809,0.7827676240208877,0.7813137494900041,1915
0.3154158520652132,0.7837270341207349,0.7772337821297429,1905
0.31984144152919824,0.7852242744063325,0.7731538147694819,1895
0.32517331105214997,0.7857900318133616,0.7694818441452468,1886
0.33165533299775785,0.7857142857142857,0.7654018767849857,1876
0.3384687048244251,0.7877813504823151,0.7613219094247246,1866
0.34477991479538106,0.7893318965517241,0.7572419420644635,1856
0.35066973784156985,0.7910124526258798,0.7535699714402285,1847
0.35628652914567044,0.793685356559608,0.7494900040799674,1837
0.361119029593729,0.7952928297755884,0.7454100367197063,1827
0.365969883740572,0.7952669235002752,0.7413300693594451,1817
0.37140458821594463,0.7953539823008849,0.7376580987352102,1808
0.37580713276432587,0.796440489432703,0.733578131374949,1798
0.3836820714372144,0.7975391498881432,0.7294981640146879,1788
0.3888709528694637,0.7980877390326209,0.7254181966544268,1778
0.39535341334980123,0.7993216506500848,0.7217462260301918,1769
0.3998685361808912,0.7998862990335418,0.7176662586699306,1759
0.40526676478504065,0.8021726700971984,0.7135862913096696,1749
0.4123156093057433,0.8027602070155262,0.7095063239494084,1739
0.4187030751547202,0.8040462427745665,0.7058343533251734,1730
0.42644107374663903,0.8052325581395349,0.7017543859649122,1720
0.43035910552697637,0.8076023391812865,0.6976744186046512,1710
0.43552873166229744,0.8088235294117647,0.69359445124439,1700
0.44047326529025604,0.8083973979893554,0.689922480620155,1691
0.4470375326935022,0.8078524687685901,0.6858425132598939,1681
0.45333884162421456,0.8078994614003591,0.6817625458996328,1671
0.46079053102944384,0.8085490668272125,0.6776825785393716,1661
0.46537830467519004,0.809322033898305,0.6740106079151367,1652
0.4722128905051147,0.8093788063337394,0.6699306405548756,1642
0.4771970210490841,0.8106617647058824,0.6658506731946144,1632
0.4829382674135378,0.8114602587800369,0.6621787025703795,1623
0.48972079817234315,0.8109113453192809,0.6580987352101183,1613
0.49476070642509473,0.8134747348721147,0.6540187678498572,1603
0.5006957086246192,0.8141870684243565,0.6499388004895961,1593
0.50454728368833,0.8169191919191919,0.6462668298653611,1584
0.5125644210623513,0.8170266836086404,0.6421868625050999,1574
0.5167847207140993,0.819693094629156,0.6381068951448389,1564
0.5221604103333914,0.8198198198198198,0.6340269277845777,1554
0.5279283743257391,0.8207119741100324,0.6303549571603427,1545
0.5340456002208623,0.8214983713355049,0.6262749898000816,1535
0.544711918826543,0.8216393442622951,0.6221950224398205,1525
0.5490454429463733,0.8237623762376237,0.6181150550795593,1515
0.5542490429007634,0.8247011952191236,0.6144430844553244,1506
0.5593523720016672,0.8248663101604278,0.6103631170950632,1496
0.5615538921076466,0.8257065948855989,0.6062831497348021,1486
0.565610810564971,0.825880758807588,0.602203182374541,1476
0.570625163476428,0.8268575323790047,0.598531211750306,1467
0.5744528389805863,0.8284145504461222,0.5944512443900449,1457
0.580762782823579,0.82930200414651,0.5903712770297838,1447
0.5856177991067121,0.8295059151009047,0.5862913096695227,1437
0.5907898647667098,0.8298319327731093,0.5826193390452876,1428
0.602189249768538,0.8321579689703809,0.5785393716850266,1418
0.6090793319486928,0.8323863636363636,0.5744594043247654,1408
0.6145910013285385,0.8354792560801144,0.5703794369645043,1398
0.6203239171695527,0.8351331893448524,0.5667074663402693,1389
0.6302018530338493,0.8375634517766497,0.5626274989800082,1379
0.633240746272233,0.8392987582176772,0.558547531619747,1369
0.6402259936156075,0.8389705882352941,0.554875560995512,1360
0.6463970534293237,0.8392592592592593,0.5507955936352509,1350
0.653754790277313,0.8388059701492537,0.5467156262749898,1340
0.6610789583391945,0.8413533834586466,0.5426356589147286,1330
0.6666159756958016,0.8440575321725965,0.5389636882904937,1321
0.6724374001992734,0.8443935926773455,0.5348837209302325,1311
0.6793918049253088,0.8455034588777863,0.5308037535699714,1301
0.684829153944845,0.8474051123160341,0.5267237862097103,1291
0.6913649419088488,0.8478939157566303,0.5230518155854753,1282
0.6971020613616552,0.8474842767295597,0.5189718482252142,1272
0.7041343162741963,0.8478605388272583,0.5148918808649531,1262
0.7108302147959514,0.8482428115015974,0.510811913504692,1252
0.7138297386925149,0.8479485116653258,0.5071399428804569,1243
0.7218483263180066,0.8483373884833739,0.5030599755201959,1233
0.730846870446367,0.8495502861815208,0.4989800081599347,1223
0.7394698176030884,0.8491343775762572,0.4949000407996736,1213
0.7450642069076495,0.8496677740863787,0.49122807017543857,1204
0.7538000649433716,0.8492462311557789,0.48714810281517745,1194
0.7612820566211593,0.8505067567567568,0.48306813545491634,1184
0.7669487469450799,0.8500851788756388,0.4789881680946552,1174
0.7744222960519118,0.8540772532188842,0.47531619747042025,1165
0.7844863486599966,0.8545454545454545,0.47123623011015914,1155
0.7950922795205912,0.8550218340611354,0.467156262749898,1145
0.8010331307827456,0.8572687224669604,0.4630762953896369,1135
0.8072363392323676,0.8579040852575488,0.4594043247654019,1126
0.8210245574692349,0.8575268817204301,0.45532435740514077,1116
0.8297609381086972,0.8571428571428571,0.45124439004487965,1106
0.8389473183778483,0.8587055606198724,0.44757241942064463,1097
0.8446599166218789,0.858325666973321,0.4434924520603835,1087
0.8524881844481951,0.8597957288765088,0.4394124847001224,1077
0.8617121001614243,0.85941893158388,0.4353325173398613,1067
0.8672544911516218,0.8629489603024575,0.43166054671562626,1058
0.8766972531582287,0.8625954198473282,0.42758057935536514,1048
0.8812353758686264,0.8631984585741811,0.423500611995104,1038
0.8868191743071577,0.8667315175097277,0.4194206446348429,1028
0.8947980177095981,0.8684985279685966,0.4157486740106079,1019
0.902222200532217,0.8721506442021804,0.41166870665034677,1009
0.9075083449886978,0.8738738738738738,0.40758873929008566,999
0.912356555609771,0.8725985844287159,0.40350877192982454,989
0.9161448294528043,0.8724489795918368,0.3998368013055896,980
0.9238589530493595,0.8721649484536083,0.39575683394532846,970
0.9304885125059433,0.8729166666666667,0.39167686658506734,960
0.9359929184296296,0.8747368421052631,0.3875968992248062,950
0.9444869362775992,0.8756641870350691,0.3839249286005712,941
0.9494513334916098,0.8754027926960258,0.3798449612403101,931
0.9526132301131733,0.8740499457111836,0.37576499388004897,921
0.9621164069223777,0.8781558726673985,0.37168502651978785,911
0.9679307360451407,0.876940133037694,0.36801305589555283,902
0.9745514621371536,0.8778026905829597,0.3639330885352917,892
0.9890464487269363,0.8764172335600907,0.3598531211750306,882
0.9968867820412506,0.8784403669724771,0.3557731538147695,872
1.0008980116260655,0.880648899188876,0.35210118319053446,863
1.0085830494276329,0.8827667057444314,0.34802121583027334,853
1.0189298175540926,0.8825622775800712,0.34394124847001223,843
1.026321651767093,0.882494004796163,0.3402692778457772,834
1.033517766969298,0.8822815533980582,0.3361893104855161,824
1.0403516635024397,0.8820638820638821,0.332109343125255,814
1.0468204718964658,0.8830845771144279,0.32802937576499386,804
1.0589073904338409,0.8842767295597485,0.3243574051407589,795
1.0685501123815546,0.8866242038216561,0.3202774377804978,785
1.0792653041998947,0.8890322580645161,0.31619747042023666,775
1.083923631926327,0.8875816993464052,0.31211750305997554,765
1.0882829128750362,0.8888888888888888,0.3084455324357405,756
1.0950720299053422,0.8900804289544236,0.3043655650754794,746
1.1040533878178127,0.8913043478260869,0.3002855977152183,736
1.1115449091790144,0.8911845730027548,0.2962056303549572,726
1.1211979614760867,0.891213389121339,0.29253365973072215,717
1.125912509058517,0.8910891089108911,0.28845369237046103,707
1.1350831833398043,0.8923959827833573,0.2843737250101999,697
1.1436116642198773,0.893740902474527,0.2802937576499388,687
1.152809343177419,0.8952802359882006,0.2766217870257038,678
1.1624396650758824,0.8997005988023952,0.27254181966544266,668
1.170484863413236,0.898176291793313,0.26846185230518155,658
1.180495502558485,0.9027777777777778,0.26438188494492043,648
1.1861204513990504,0.9014084507042254,0.2607099143206854,639
1.1937020933491123,0.9030206677265501,0.2566299469604243,629
1.1992740258550119,0.901453957996769,0.2525499796001632,619
1.2134000745018143,0.90311986863711,0.2484700122399021,609
1.2225127121861985,0.905,0.24479804161566707,600
1.2316205833358687,0.9033898305084745,0.24071807425540595,590
1.2412341859622424,0.9017241379310345,0.23663810689514483,580
1.2484617811157275,0.9035087719298246,0.23255813953488372,570
1.256932206816793,0.9037433155080213,0.22888616891064872,561
1.265224158934667,0.9038112522686026,0.2248062015503876,551
1.2766253673394268,0.9057301293900185,0.2207262341901265,541
1.291011038763695,0.9041353383458647,0.21705426356589147,532
1.2971009856865072,0.9042145593869731,0.21297429620563035,522
1.3063119440904982,0.90625,0.20889432884536924,512
1.3136941607618375,0.9083665338645418,0.20481436148510812,502
1.3253555812815496,0.9087221095334685,0.2011423908608731,493
1.333018356172012,0.9089026915113871,0.19706242350061198,483
1.3430728232042926,0.9090909090909091,0.19298245614035087,473
1.3538920783696533,0.9114470842332614,0.18890248878008975,463
1.3664192810319662,0.9118942731277533,0.18523051815585476,454
1.3778657547564845,0.9166666666666666,0.18115055079559364,444
1.3869771814701628,0.9170506912442397,0.17707058343533252,434
1.3946447541307077,0.9174528301886793,0.1729906160750714,424
1.4092211303988726,0.9156626506024096,0.16931864545083639,415
1.4218632021088538,0.9135802469135802,0.16523867809057527,405
1.4351550077878312,0.9139240506329114,0.16115871073031415,395
1.4448183488841055,0.9116883116883117,0.15707874337005304,385
1.459006870522132,0.9148936170212766,0.15340677274581804,376
1.4751795884158083,0.9153005464480874,0.14932680538555693,366
1.4833766339849168,0.9185393258426966,0.1452468380252958,356
1.4961160088487304,0.9161849710982659,0.14116687066503467,346
1.504011657313748,0.913946587537092,0.13749490004079967,337
1.5167395306690477,0.9174311926605505,0.13341493268053856,327
1.524128518671713,0.9148264984227129,0.12933496532027744,317
1.5360781890578605,0.9185667752442996,0.12525499796001632,307
1.5525057997831555,0.9194630872483222,0.12158302733578132,298
1.561119388788158,0.9166666666666666,0.1175030599755202,288
1.5735642076767744,0.9136690647482014,0.11342309261525908,278
1.5831462351552228,0.9107806691449815,0.10975112199102408,269
1.5997605908061836,0.9111969111969112,0.10567115463076296,259
1.6185653099902808,0.9196787148594378,0.10159118727050184,249
