threshold,coverage,automatic_accuracy,automatic_tickets
0.0006781821403851196,1.0,0.8816889632107023,4784
0.0032318698733842387,0.9979096989966555,0.8822790113112694,4774
0.0059311409688006045,0.995819397993311,0.8826616288832914,4764
0.0094721742257079,0.993938127090301,0.8830704521556256,4755
0.015807550236676144,0.9918478260869565,0.8838777660695469,4745
0.019637755619799104,0.9899665551839465,0.8847128378378378,4736
0.023343216919861597,0.987876254180602,0.8855268726195514,4726
0.02756792760875539,0.9859949832775919,0.8863684545261818,4717
0.0315438237873626,0.9839046822742475,0.8874017420862546,4707
0.036932187531055906,0.9820234113712375,0.888250319284802,4698
0.0404788178731268,0.979933110367893,0.8897184300341296,4688
0.04352689767808258,0.9780518394648829,0.8905749091686258,4679
0.04651151400940406,0.9759615384615384,0.8916256157635468,4669
0.049666011551530886,0.9740802675585284,0.892274678111588,4660
0.052052863216679984,0.971989966555184,0.8933333333333333,4650
0.05537061509021432,0.9698996655518395,0.8939655172413793,4640
0.059523898186177246,0.9680183946488294,0.894839127618225,4631
0.06282474860092484,0.9659280936454849,0.8956935728197359,4621
0.06514719660674195,0.9640468227424749,0.8965741543798785,4612
0.0688698909332323,0.9619565217391305,0.8967840069534985,4602
0.07210543937732987,0.9600752508361204,0.8972349227084694,4593
0.07627030259912501,0.9579849498327759,0.8985380754963997,4583
0.07766422798374803,0.9561036789297659,0.8987756886751203,4574
0.08211982800778093,0.9540133779264214,0.89943032427695,4564
0.08574857329912654,0.9521321070234113,0.9001097694840834,4555
0.09213068545051165,0.9500418060200669,0.900990099009901,4545
0.09644985349727231,0.9481605351170569,0.9012345679012346,4536
0.09927891591403605,0.9460702341137124,0.9021210782147592,4526
0.10386703415743692,0.9439799331103679,0.9027900797165633,4516
0.1103715838584926,0.9420986622073578,0.9041491013978256,4507
0.11451448938201514,0.9400083612040134,0.9041583277740716,4497
0.11894202717967202,0.9381270903010034,0.9044117647058824,4488
0.12419491393435417,0.9360367892976589,0.905761500669942,4478
0.12720661989981324,0.9341555183946488,0.9062430073842023,4469
0.13220021913580968,0.9320652173913043,0.9076026014801525,4459
0.1377036191251011,0.9301839464882943,0.9089887640449438,4450
0.14258884055127374,0.9280936454849499,0.9096846846846847,4440
0.1448322944734973,0.9262123745819398,0.9106296547054841,4431
0.15222608482264874,0.9241220735785953,0.9115584709341777,4421
0.1561600801046865,0.9222408026755853,0.9120580235720761,4412
0.15917999598628088,0.9201505016722408,0.9134484325306679,4402
0.16212507936676074,0.9180602006688964,0.9139344262295082,4392
0.1646599554185121,0.9161789297658863,0.9151266255989049,4383
0.16966613725516125,0.9140886287625418,0.9156185684884519,4373
0.17233139887931526,0.9122073578595318,0.9154445462878094,4364
0.17643703958775633,0.9101170568561873,0.9159393661001378,4354
0.18015693306699604,0.9082357859531772,0.9164556962025316,4345
0.18330951943297466,0.9061454849498328,0.9171856978085352,4335
0.18680310964233698,0.9042642140468228,0.9174757281553398,4326
0.1895030967147832,0.9021739130434783,0.9179796107506951,4316
0.1935848513279112,0.9002926421404682,0.9182725795217088,4307
0.1971603856881875,0.8982023411371237,0.9194787060740052,4297
0.20080581397287442,0.8963210702341137,0.9202425373134329,4288
0.2036196305973955,0.8942307692307693,0.9202898550724637,4278
0.2065230004456309,0.8921404682274248,0.9205716963448922,4268
0.20907976508978907,0.8902591973244147,0.920873444470533,4259
0.21325312490242374,0.8881688963210702,0.9213932690044716,4249
0.21697042715162548,0.8862876254180602,0.9216981132075471,4240
0.22074712822878603,0.8841973244147158,0.9222222222222223,4230
0.22432038606870552,0.8823160535117057,0.9227671167969675,4221
0.22588274856264448,0.8802257525083612,0.9235336024697222,4211
0.22916733923055263,0.8783444816053512,0.9243217515468825,4202
0.23273384148095608,0.8762541806020067,0.9250954198473282,4192
0.2353990373819697,0.8743729096989966,0.9254123834568492,4183
0.24038488854117232,0.8722826086956522,0.9264318236280853,4173
0.2442902628724002,0.8704013377926422,0.9272334293948127,4164
0.24689083152857164,0.8683110367892977,0.9280211844005778,4154
0.24934694848285027,0.8664297658862876,0.9283474065138722,4145
0.2514488025795962,0.8643394648829431,0.9288996372430471,4135
0.2549155157011138,0.8622491638795987,0.9294545454545454,4125
0.26041814662179763,0.8603678929765887,0.9307580174927114,4116
0.26360069277255815,0.8582775919732442,0.9310764734534827,4106
0.2657740281955078,0.8563963210702341,0.931901391261899,4097
0.27084728439826494,0.8543060200668896,0.9324688035233668,4087
0.2747441348760913,0.8524247491638796,0.9335458558116724,4078
0.2775201586483853,0.8503344481605352,0.933874139626352,4068
0.28191794235971573,0.8484531772575251,0.934220251293422,4059
0.2856084604431843,0.8463628762541806,0.9350456902938997,4049
0.2881040676480056,0.8444816053511706,0.9356435643564357,4040
0.29416017487567153,0.842391304347826,0.9364764267990074,4030
0.29782148352246846,0.840510033444816,0.9365829395672718,4021
0.30168533439327905,0.8384197324414716,0.9369234604836699,4011
0.3044793465881609,0.8363294314381271,0.9375156210947263,4001
0.3061773799535686,0.8344481605351171,0.937625250501002,3992
0.30748537079947386,0.8323578595317725,0.9377197388247112,3982
0.30950636813149773,0.8304765886287625,0.9383337528316134,3973
0.3131413692083654,0.8283862876254181,0.9391874842291194,3963
0.3169047821185929,0.8265050167224081,0.9395548811330299,3954
0.3206316893325124,0.8244147157190636,0.9399087221095335,3944
0.3244067087723957,0.8225334448160535,0.940279542566709,3935
0.3282276419970446,0.820443143812709,0.9403821656050956,3925
0.3318688793584931,0.818561872909699,0.9410112359550562,3916
0.33551069044909454,0.8164715719063546,0.9411162314388121,3906
0.3375381398747055,0.8145903010033445,0.9417500641519118,3897
0.3398161192754968,0.8125,0.9423720092616413,3887
0.34174965162690185,0.8104096989966555,0.942739231364457,3877
0.3450125257856638,0.8085284280936454,0.9428645294725957,3868
0.34875357045619054,0.806438127090301,0.9429756350440642,3858
0.3518353068670681,0.804556856187291,0.9431021044427124,3849
0.35437668541924533,0.8024665551839465,0.9434748632456369,3839
0.3574698322019693,0.8005852842809364,0.9441253263707572,3830
0.3617167262053721,0.7984949832775919,0.9445026178010472,3820
0.3655503947972275,0.7966137123745819,0.9446339543426923,3811
0.37089543122537005,0.7945234113712375,0.9447513812154696,3801
0.3731636958272405,0.7926421404682275,0.9448839662447257,3792
0.3769189785671708,0.7905518394648829,0.9455314648334214,3782
0.3794947133889425,0.7886705685618729,0.9461966604823747,3773
0.38087978664946975,0.7865802675585284,0.9465851714057932,3763
0.3847032678191902,0.784489966555184,0.9469757527311484,3753
0.38709573804317327,0.782608695652174,0.9473824786324786,3744
0.391119144064001,0.7805183946488294,0.9477771826459561,3734
0.3941111630165319,0.7786371237458194,0.9479194630872483,3725
0.3971267161164801,0.7765468227424749,0.9483176312247644,3715
0.3997452597977618,0.7746655518394648,0.9490016189962224,3706
0.40191494110912396,0.7725752508361204,0.9496753246753247,3696
0.40404662643663525,0.7706939799331104,0.9506373745592622,3687
0.4063677205497021,0.7686036789297659,0.951319010062551,3677
0.4096601371290786,0.7667224080267558,0.9517448200654307,3668
0.4131765915663678,0.7646321070234113,0.9518862766539092,3658
0.4162788372288982,0.7627508361204013,0.9523157029323103,3649
0.42063696199610334,0.7606605351170569,0.9524594668865073,3639
0.42559333858364334,0.7585702341137124,0.9526040231468724,3629
0.4280811460567246,0.7566889632107023,0.9533149171270718,3620
0.42930570303247706,0.7545986622073578,0.9542936288088643,3610
0.43261886562715013,0.7527173913043478,0.9541793946126076,3601
0.43516663330846744,0.7506270903010034,0.9548872180451128,3591
0.4372674902831637,0.7487458193979933,0.9556113902847572,3582
0.43911494689657043,0.7466555183946488,0.9557670772676372,3572
0.4410525759546672,0.7447742474916388,0.9556553466180185,3563
0.4447711998716329,0.7426839464882943,0.9566563467492261,3553
0.4464256270350764,0.7408026755852842,0.9576749435665914,3544
0.4503000309802556,0.7387123745819398,0.9584040747028862,3534
0.45346204318282274,0.7368311036789298,0.9588652482269504,3525
0.45655277553132123,0.7347408026755853,0.9590327169274537,3515
0.4605966993660068,0.7328595317725752,0.959498003422704,3506
0.4620965126560445,0.7307692307692307,0.959954233409611,3496
0.4639831438902902,0.7286789297658863,0.9601262191623637,3486
0.46613916192854865,0.7267976588628763,0.9603106125970664,3477
0.4686752695791097,0.7247073578595318,0.9607730025959043,3467
0.4707891207283757,0.7228260869565217,0.9609600925390399,3458
0.47491237415015586,0.7207357859531772,0.9611368909512761,3448
0.47764928000956225,0.7188545150501672,0.9613259668508287,3439
0.4801823888742585,0.7167642140468228,0.9615048118985127,3429
0.48289980093577783,0.7148829431438127,0.9619883040935673,3420
0.4846498136666076,0.7127926421404682,0.9618768328445748,3410
0.48683464088219025,0.7109113712374582,0.9626580417524258,3401
0.4898366791715906,0.7088210702341137,0.9628428192273666,3391
0.49374596929993697,0.7069397993311036,0.9630396215257244,3382
0.496339854326354,0.7048494983277592,0.9635231316725978,3372
0.49786996303441095,0.7027591973244147,0.9637120761451516,3362
0.5002855403198876,0.7008779264214047,0.963614673426782,3353
0.5030089799359,0.6987876254180602,0.9635058330840562,3343
0.5059783862769417,0.6969063545150501,0.9640071985602879,3334
0.5088395362401502,0.6948160535117057,0.9648014440433214,3324
0.5104433138330731,0.6929347826086957,0.9656108597285068,3315
0.5126539422358481,0.6908444816053512,0.9658093797276853,3305
0.5139992330766332,0.6889632107023411,0.9660194174757282,3296
0.5165048015494587,0.6868729096989966,0.9668289713937919,3286
0.5187187224377688,0.6849916387959866,0.9673481843149222,3277
0.5213962424461214,0.6829013377926422,0.967860422405877,3267
0.5233843203821108,0.6810200668896321,0.9677716390423573,3258
0.5253647387817302,0.6789297658862876,0.9685960591133005,3248
0.5262357256813364,0.6768394648829431,0.9691167387276096,3238
0.528789214166503,0.6749581939799331,0.96934035305048,3229
0.5301733239911084,0.6728678929765887,0.969555762659211,3219
0.5326808588084662,0.6709866220735786,0.9700934579439252,3210
0.5346507455830286,0.6688963210702341,0.970625,3200
0.536752149213798,0.6670150501672241,0.9711689125665935,3191
0.5389335212850092,0.6649247491638796,0.9717070103740962,3181
0.5423435650933061,0.6630434782608695,0.9725725094577553,3172
0.5445740432792229,0.6609531772575251,0.9728020240354206,3162
0.5468453973698589,0.6590719063545151,0.9730415477323184,3153
0.5490168792093789,0.6569816053511706,0.9735921094495704,3143
0.5507659726706824,0.6551003344481605,0.9741544352265475,3134
0.5528353912328801,0.653010033444816,0.9740717029449424,3124
0.5548155244212304,0.6509197324414716,0.974630700064226,3114
0.5564509037285562,0.6490384615384616,0.9748792270531401,3105
0.5578872681406328,0.6469481605351171,0.9747980613893377,3095
0.5597197200946401,0.645066889632107,0.9747245625405055,3086
0.5617025430037622,0.6429765886287625,0.9749674902470741,3076
0.5631268930302757,0.6410953177257525,0.9748940332572547,3067
0.5648079612663562,0.6390050167224081,0.9751390251880929,3057
0.5668922969659849,0.637123745819398,0.9753937007874016,3048
0.5691876411904376,0.6350334448160535,0.9763001974983542,3038
0.5709800673462403,0.6331521739130435,0.9762297788048862,3029
0.5722717845593589,0.631061872909699,0.9768135144087446,3019
0.573166717270917,0.629180602006689,0.9770764119601328,3010
0.5747159319157855,0.6270903010033445,0.978,3000
0.5755147027581184,0.625,0.9789297658862877,2990
0.5773573031574885,0.62311872909699,0.9788661522978866,2981
0.5784271903004212,0.6210284280936454,0.979131605520027,2971
0.5802569849748732,0.6191471571906354,0.9797434166103984,2962
0.5819753084591547,0.617056856187291,0.9800135501355014,2952
0.5832980438507855,0.615175585284281,0.9799524294937139,2943
0.5851602907428649,0.6130852842809364,0.9802250255710876,2933
0.5869093341547178,0.6112040133779264,0.9805061559507524,2924
0.5877272301333203,0.6091137123745819,0.9811256005490734,2914
0.5903350800429259,0.607232441471572,0.9817555938037866,2905
0.5918028971570387,0.6051421404682275,0.981692573402418,2895
0.5927132377843387,0.6032608695652174,0.9816354816354816,2886
0.5947435567416456,0.6011705685618729,0.9822670375521557,2876
0.5963587006521703,0.5992892976588629,0.9832577607254971,2867
0.597883044818175,0.5971989966555183,0.9835491774588729,2857
0.5999828968018509,0.595108695652174,0.9838426413768879,2847
0.6011753968206288,0.5932274247491639,0.9841437632135307,2838
0.6031474185390783,0.5911371237458194,0.9840876944837341,2828
0.6048617139284218,0.5892558528428093,0.9840368925150763,2819
0.6068151555020158,0.5871655518394648,0.9846920612317551,2809
0.607946638886058,0.5852842809364549,0.9846428571428572,2800
0.6104655382652628,0.5831939799331104,0.9845878136200716,2790
0.6115083607430126,0.5813127090301003,0.9848975188781014,2781
0.6129413340218134,0.5792224080267558,0.9852038975099242,2771
0.6146734332407177,0.5773411371237458,0.9855177407675597,2762
0.6159357117463513,0.5752508361204013,0.985828488372093,2752
0.6180827072830566,0.5733695652173914,0.986146554866934,2743
0.6197227636540616,0.5712792642140468,0.9860958653494328,2733
0.6215596680082938,0.5691889632107023,0.987146529562982,2723
0.6228443297858609,0.5673076923076923,0.9871039056742815,2714
0.6247347453735939,0.5652173913043478,0.9870562130177515,2704
0.6253337367529483,0.5633361204013378,0.987012987012987,2695
0.6280355365393718,0.5612458193979933,0.9873370577281192,2685
0.6289649065332289,0.5593645484949833,0.9872944693572496,2676
0.6308313300009548,0.5572742474916388,0.9872468117029257,2666
0.6319478832492315,0.5553929765886287,0.9875799774181407,2657
0.6331613029721159,0.5533026755852842,0.9875330562901398,2647
0.634819396433148,0.5514214046822743,0.9874905231235784,2638
0.6360977136458461,0.5493311036789298,0.9882039573820396,2628
0.6371450565037884,0.5474498327759197,0.9881634211531118,2619
0.6379778894747018,0.5453595317725752,0.9885013415101571,2609
0.6394107505013786,0.5432692307692307,0.9888418622547134,2599
0.6405305866166237,0.5413879598662207,0.9888030888030888,2590
0.6416759147529296,0.5392976588628763,0.9891472868217054,2580
0.6424917587523961,0.5374163879598662,0.9891092959937767,2571
0.643534705402403,0.5353260869565217,0.9890667707926591,2561
0.6444216440960364,0.5334448160535117,0.9890282131661442,2552
0.6454684879161674,0.5313545150501672,0.988985051140834,2542
0.6469509009821948,0.5294732441471572,0.9889459139360443,2533
0.6478975455180218,0.5273829431438127,0.988902100673801,2523
0.6490272096792032,0.5255016722408027,0.9888623707239459,2514
0.6503637608122064,0.5234113712374582,0.9892172523961661,2504
0.6512171343679674,0.5215301003344481,0.9891783567134268,2495
0.652664417798458,0.5194397993311036,0.9899396378269618,2485
0.6538260104195014,0.5173494983277592,0.98989898989899,2475
0.655462670806209,0.5154682274247492,0.9898621248986212,2466
0.6571456219270381,0.5133779264214047,0.9898208469055375,2456
0.6583054349254456,0.5114966555183946,0.9897834082550061,2447
0.6596249537390877,0.5094063545150501,0.9897414854329093,2437
0.6604321523165854,0.5075250836120402,0.9897034596375618,2428
0.6614943459004805,0.5054347826086957,0.9904880066170388,2418
0.6625700889733984,0.5035535117056856,0.9908675799086758,2409
0.6633194477056471,0.5014632107023411,0.9908295122967903,2399
0.6643173680991213,0.4995819397993311,0.9907949790794979,2390
0.6653168338542375,0.4974916387959866,0.9911764705882353,2380
0.6663292559506916,0.4956103678929766,0.9911429776465627,2371
0.6674410042164519,0.4935200668896321,0.9915290131300296,2361
0.6683823912048068,0.4916387959866221,0.9919217687074829,2352
0.6693576955866736,0.48954849498327757,0.9918872758326217,2342
0.6700577674084838,0.4874581939799331,0.991852487135506,2332
0.6705688983407073,0.4855769230769231,0.9922513990529488,2323
0.6714389920619512,0.4834866220735786,0.9922178988326849,2313
0.6721914344406591,0.4816053511705686,0.9921875,2304
0.673249438983807,0.47951505016722407,0.9925893635571055,2294
0.6739009358125588,0.477633779264214,0.9925601750547046,2285
0.6750765250234613,0.47554347826086957,0.9925274725274725,2275
0.6759122932277783,0.4736622073578595,0.9924977934686673,2266
0.6770093505188178,0.47157190635451507,0.9924645390070922,2256
0.6775999589017467,0.469690635451505,0.9924343569203382,2247
0.6785224947593108,0.4676003344481605,0.9924005364327224,2237
0.6802029507567915,0.4657190635451505,0.9932675044883303,2228
0.6810053719560168,0.463628762541806,0.9932371505861136,2218
0.6813067099963035,0.46153846153846156,0.9932065217391305,2208
0.6817361222631386,0.4596571906354515,0.9931787175989086,2199
0.682365608784277,0.457566889632107,0.9931475559616263,2189
0.6832101731165954,0.45568561872909696,0.9931192660550459,2180
0.6840318212557697,0.4535953177257525,0.9935483870967742,2170
0.6850157799959641,0.45171404682274247,0.993521517815826,2161
0.6859393615800695,0.449623745819398,0.9944211994421199,2151
0.6870068767046178,0.44774247491638797,0.9943977591036415,2142
0.6875391309381889,0.44565217391304346,0.9948405253283302,2132
0.688234279771979,0.44377090301003347,0.9948186528497409,2123
0.6892255141876145,0.44168060200668896,0.995740653099858,2113
0.6899459212303197,0.4397993311036789,0.995722433460076,2104
0.6904645659291377,0.43770903010033446,0.9961795606494747,2094
0.6912073567534183,0.43561872909698995,0.9961612284069098,2084
0.6922454542160072,0.4337374581939799,0.996144578313253,2075
0.693343358096501,0.43164715719063546,0.9961259079903148,2065
0.6938308962548437,0.4297658862876254,0.9961089494163424,2056
0.6941866395241394,0.42767558528428096,0.9960899315738025,2046
0.6950088317535098,0.4257943143812709,0.9960726558664703,2037
0.6956125702272097,0.4237040133779264,0.9960532807104094,2027
0.6962248618422862,0.4218227424749164,0.9965312190287413,2018
0.6967949198290552,0.4197324414715719,0.9965139442231076,2008
0.697535378210512,0.41785117056856186,0.9964982491245623,1999
0.6988610800343449,0.4157608695652174,0.9964806435394671,1989
0.6992887179144515,0.41387959866220736,0.9964646464646465,1980
0.7000346190796355,0.41178929765886285,0.9964467005076142,1970
0.7010005206680872,0.4096989966555184,0.9964285714285714,1960
0.7018079603314863,0.40781772575250835,0.9969246540235777,1951
0.702362128582486,0.4057274247491639,0.9969088098918083,1941
0.7033946889672454,0.40384615384615385,0.9968944099378882,1932
0.7039870624015828,0.40175585284280935,0.9968782518210197,1922
0.7045165424379143,0.39987458193979936,0.9968635650810246,1913
0.7051350143934726,0.39778428093645485,0.9973725696269049,1903
0.7059439414431823,0.3959030100334448,0.9973600844772967,1894
0.7063480673602882,0.39381270903010035,0.9973460721868365,1884
0.7070262639968155,0.3919314381270903,0.9973333333333333,1875
0.7074465831314237,0.3898411371237458,0.9973190348525469,1865
0.7079294596228702,0.3879598662207358,0.9973060344827587,1856
0.7083988423026522,0.3858695652173913,0.9972914409534128,1846
0.7087646065597121,0.38377926421404684,0.9972766884531591,1836
0.7092132319654842,0.3818979933110368,0.9972632731253421,1827
0.7098421167420507,0.3798076923076923,0.9972482113373693,1817
0.7100742386611845,0.3779264214046823,0.9972345132743363,1808
0.7107951552831948,0.3758361204013378,0.9972191323692993,1798
0.7112974233714497,0.37395484949832775,0.9972051425377306,1789
0.7118347161361895,0.3718645484949833,0.9971894322653176,1779
0.7122335089247419,0.36998327759197325,0.9971751412429378,1770
0.7125633486486658,0.36789297658862874,0.9971590909090909,1760
0.7132720413747529,0.36601170568561875,0.9971444888635066,1751
0.7136230349541464,0.36392140468227424,0.9971280873061459,1741
0.7143127235691334,0.3620401337792642,0.9971131639722863,1732
0.7147016148853809,0.35994983277591974,0.997096399535424,1722
0.7151843024230508,0.3580685618729097,0.997081144191477,1713
0.715527197721971,0.35597826086956524,0.9970640046975925,1703
0.716045415285866,0.35388795986622074,0.9970466627288836,1693
0.7165450275617543,0.3520066889632107,0.9970308788598575,1684
0.7172254697461696,0.34991638795986624,0.9970131421744325,1674
0.7177807055985873,0.3480351170568562,0.996996996996997,1665
0.7184362746691411,0.3459448160535117,0.9969788519637462,1655
0.7188453709884655,0.3440635451505017,0.996962332928311,1646
0.7190141486393355,0.3419732441471572,0.9969437652811736,1636
0.7193418709724761,0.34009197324414714,0.9969268592501537,1627
0.7198928166318564,0.3380016722408027,0.9969078540507111,1617
0.7202869605196028,0.33612040133779264,0.9975124378109452,1608
0.7209699088607335,0.3340301003344482,0.9974968710888611,1598
0.7215684900783065,0.33214882943143814,0.9974826935179358,1589
0.721973686499359,0.33005852842809363,0.9974667511082964,1579
0.7225487160235201,0.3279682274247492,0.9974506054811982,1569
0.7230425222133028,0.32608695652173914,0.9974358974358974,1560
0.723657874491364,0.3239966555183946,0.9974193548387097,1550
0.7240646896371795,0.32211538461538464,0.9974042829331603,1541
0.7244813088991207,0.32002508361204013,0.9973873285434357,1531
0.7247218819352343,0.3181438127090301,0.9973718791064389,1522
0.7250641351138983,0.31605351170568563,0.9973544973544973,1512
0.7255306733553794,0.3141722408026756,0.9973386560212908,1503
0.7258430402736904,0.3120819397993311,0.9973208305425318,1493
0.7264969585274629,0.3102006688963211,0.9973045822102425,1484
0.726875304777257,0.3081103678929766,0.9972862957937585,1474
0.7273050519272168,0.30622909698996653,0.9972696245733789,1465
0.7277233578804317,0.3041387959866221,0.9972508591065292,1455
0.7280169798002348,0.30204849498327757,0.9972318339100346,1445
0.7285462471045945,0.3001672240802676,0.9972144846796658,1436
0.7290855130012982,0.2980769230769231,0.9971949509116409,1426
0.7294873667923369,0.296195652173913,0.9971771347918137,1417
0.7298205065093208,0.2941053511705686,0.9971570717839374,1407
0.7302243679302767,0.29222408026755853,0.9971387696709585,1398
0.7308068787218939,0.290133779264214,0.9971181556195965,1388
0.7316096819680764,0.28825250836120403,0.9970993473531544,1379
0.7322213621454376,0.2861622073578595,0.9970781592403214,1369
0.7326300816243543,0.2842809364548495,0.9977941176470588,1360
0.7328883250834709,0.282190635451505,0.9977777777777778,1350
0.7332455600495206,0.280309364548495,0.9977628635346756,1341
0.7339097248261958,0.2782190635451505,0.9977460555972952,1331
0.7343571696412294,0.276128762541806,0.9977289931869796,1321
0.7346785859414897,0.27424749163879597,0.9977134146341463,1312
0.7348353198286137,0.2721571906354515,0.9976958525345622,1302
0.7352721329781153,0.27027591973244147,0.9984532095901005,1293
0.7354380512957831,0.26818561872909696,0.9984411535463756,1283
0.7356781830156307,0.266304347826087,0.9984301412872841,1274
0.7362299965703762,0.26421404682274247,0.9984177215189873,1264
0.7367468640592864,0.2623327759197324,0.998406374501992,1255
0.7371573757540688,0.26024247491638797,0.9983935742971888,1245
0.7373523815724945,0.2583612040133779,0.9991909385113269,1236
0.7377232592191902,0.25627090301003347,0.9991843393148451,1226
0.7379625554723549,0.2543896321070234,0.9991783073130649,1217
0.7382561059195627,0.2522993311036789,0.9991714995857498,1207
0.7385690872847459,0.25020903010033446,0.9991645781119465,1197
0.7388050894345206,0.24832775919732442,0.9991582491582491,1188
0.7390544996085466,0.24623745819397994,0.9991511035653651,1178
0.7393348309494056,0.2443561872909699,0.9991445680068435,1169
0.7397327589973296,0.2422658862876254,0.999137187230371,1159
0.7400665424668939,0.2403846153846154,0.9991304347826087,1150
0.7405343721501547,0.2382943143812709,0.9991228070175439,1140
0.7408568891363525,0.23641304347826086,0.9991158267020336,1131
0.7412317806218944,0.23432274247491638,0.9991079393398751,1121
0.7414810346501126,0.23244147157190637,0.9991007194244604,1112
0.7415986482173147,0.23035117056856189,0.9990925589836661,1102
0.7419567267750928,0.22846989966555184,0.9990850869167429,1093
0.742128951300004,0.22637959866220736,0.9990766389658357,1083
0.7424386309659701,0.2244983277591973,0.9990689013035382,1074
0.7428916947999551,0.22240802675585283,0.9990601503759399,1064
0.74329918254564,0.22031772575250835,0.9990512333965844,1054
0.7435053423207297,0.21843645484949833,0.999043062200957,1045
0.743724440149734,0.21634615384615385,0.9990338164251208,1035
0.743922215006421,0.2144648829431438,0.9990253411306043,1026
0.7442239136167115,0.21237458193979933,0.9990157480314961,1016
0.7445801672977859,0.2104933110367893,0.9990069513406157,1007
0.7447638075575975,0.20840301003344483,0.9989969909729187,997
0.7450452771876499,0.20652173913043478,0.9989878542510121,988
0.7453405503196424,0.2044314381270903,0.9989775051124744,978
0.7455302463444125,0.20255016722408026,0.9989680082559339,969
0.7457344832233271,0.20045986622073578,0.9989572471324296,959
0.7460122908423122,0.19857859531772576,0.9989473684210526,950
0.7462118644525125,0.19648829431438128,0.9989361702127659,940
0.7465941831036413,0.1943979933110368,0.9989247311827957,930
0.7468212830064365,0.19251672240802675,0.998914223669924,921
0.7471592349133868,0.19042642140468227,0.9989023051591658,911
0.7473730047174151,0.18854515050167225,0.9988913525498891,902
0.7477756351666789,0.18645484949832775,0.9988789237668162,892
0.7481451066376507,0.18457357859531773,0.9988674971687429,883
0.748374472705348,0.18248327759197325,0.9988545246277205,873
0.7488065742748332,0.1806020066889632,0.9988425925925926,864
0.7490283540724245,0.17851170568561872,0.9988290398126464,854
0.7492970897506646,0.1766304347826087,0.9988165680473373,845
0.7496012486649021,0.17454013377926422,0.9988023952095808,835
0.7499127374805367,0.17265886287625418,0.9987893462469734,826
0.750112051993925,0.1705685618729097,0.9987745098039216,816
0.7504499211270172,0.16847826086956522,1.0,806
0.7507037432118381,0.16659698996655517,1.0,797
0.7509473985764278,0.1645066889632107,1.0,787
0.7511392534031524,0.16262541806020067,1.0,778
0.7513750951997419,0.1605351170568562,1.0,768
0.7516676658972968,0.15865384615384615,1.0,759
0.7518846234708747,0.15656354515050167,1.0,749
0.7522030985992817,0.15468227424749165,1.0,740
0.7525688545086333,0.15259197324414717,1.0,730
0.7528063972226469,0.15071070234113712,1.0,721
0.7530048913135513,0.14862040133779264,1.0,711
0.7532621805995966,0.14673913043478262,1.0,702
0.7534732333719678,0.14464882943143811,1.0,692
0.7539248978243751,0.14255852842809363,1.0,682
0.7541543384337848,0.14067725752508362,1.0,673
0.7543848003742128,0.13858695652173914,1.0,663
0.7546475082123079,0.1367056856187291,1.0,654
0.7548915302154742,0.1346153846153846,1.0,644
0.7551795777225003,0.1327341137123746,1.0,635
0.7554466398169337,0.1306438127090301,1.0,625
0.755696142606019,0.12876254180602006,1.0,616
0.7560663083493437,0.12667224080267558,1.0,606
0.7563500194298249,0.12479096989966555,1.0,597
0.7567575690761406,0.12270066889632107,1.0,587
0.7570510531663291,0.12081939799331104,1.0,578
0.7574334799872049,0.11872909698996656,1.0,568
0.757792831222561,0.11684782608695653,1.0,559
0.7581767392778173,0.11475752508361205,1.0,549
0.7584741499939844,0.11266722408026755,1.0,539
0.7586387860686379,0.11078595317725752,1.0,530
0.7588650886195009,0.10869565217391304,1.0,520
0.7591627185532276,0.10681438127090301,1.0,511
0.7594600514802975,0.10472408026755853,1.0,501
0.7596502451989363,0.1028428093645485,1.0,492
0.7599056513263742,0.10075250836120402,1.0,482
